Cod_setor,Situacao_setor,V001,V002,V003,V004,V005,V006,V007,V008,V009,V010,V011,V012,V013,V014,V015,V016,V017,V018,V019,V020,V021,V022,V023,V024,V025,V026,V027,V028,V029,V030,V031,V032,V033,V034,V035,V036,V037,V038,V039,V040,V041,V042,V043,V044,V045,V046,V047,V048,V049,V050,V051,V052,V053,V054,V055,V056,V057,V058,V059,V060,V061,V062,V063,V064,V065,V066,V067,V068,V069,V070,V071,V072,V073,V074,V075,V076,V077,V078,V079,V080,V081,V082,V083,V084,V085,V086,V087,V088,V089,V090,V091,V092,V093,V094,V095,V096,V097,V098,V099,V100,V101,V102,V103,V104,V105,V106,V107,V108,V109,V110,V111,V112,V113,V114,V115,V116,V117,V118,V119,V120,V121,V122,V123,V124,V125,V126,V127,V128,V129,V130,V131,V132,V133,V134,V135,V136,V137,V138,V139,V140,V141,V142,V143,V144,V145,V146,V147,V148,V149,V150,V151,V152,V153,V154,V155,V156,V157,V158,V159,V160,V161,V162,V163,V164,V165,V166,V167,V168,V169,V170,V171,V172,V173,V174,V175,V176,V177,V178,V179,V180,V181,V182,V183,V184,V185,V186,V187,V188,V189,V190,V191,V192,V193,V194,V195,V196,V197,V198,V199,V200,V201,V202,V203,V204,V205,V206,V207,V208,V209,V210,V211,V212,V213,V214,V215,V216,V217,V218,V219,V220,V221,V222,V223,V224,V225,V226,V227,V228,V229,V230,V231,V232,V233,V234,V235,V236,V237,V238,V239,V240,V241,X244
270670305000001,1,316,315,310,5,0,186,10,86,1,31,1,313,1,0,1,315,118,3,192,0,2,0,0,314,226,72,14,2,0,0,0,0,0,1,311,309,2,3,0,1,0,0,315,315,0,0,293,10,12,39,58,68,60,45,24,12,7,2,0,45,16,32,36,37,25,15,14,16,0,0,0,0,0,0,32,14,6,4,1,2,26,32,23,20,9,7,23,13,15,3,4,0,0,13,4,3,2,0,0,185,10,82,1,31,1,309,0,0,1,310,115,3,190,0,2,0,0,309,222,72,13,2,1,307,305,2,2,0,1,0,0,310,310,0,0,289,10,11,1,0,4,0,0,0,4,1,0,0,5,3,0,2,0,0,0,0,5,4,0,1,0,0,4,4,0,1,0,0,0,0,5,5,0,0,4,0,1,0,0,0,0,0,0,0,0,0,0,0,0,0,0,0,0,0,0,0,0,0,0,0,0,0,0,0,0,0,0,0,0,0,0,0,0,0,0,0,310,0,0,1,311,118,3,188,0,2,0,0,310,3,1,0,0,4,0,0,4,0,0,0,0,NA
270670305000002,1,381,376,369,5,2,231,3,136,0,4,2,367,1,0,8,376,256,1,90,19,8,2,0,375,317,49,6,3,0,0,0,0,0,1,376,366,10,0,0,0,0,0,374,364,10,2,355,6,3,52,76,76,80,48,19,13,4,3,5,52,36,30,43,51,31,9,10,25,8,1,1,1,0,0,22,18,11,2,2,1,46,33,29,17,10,15,27,30,16,1,1,0,1,16,6,3,0,0,0,230,3,130,0,4,2,361,1,0,7,369,249,1,90,19,8,2,0,369,311,49,6,3,0,369,359,10,0,0,0,0,0,367,359,8,2,350,6,3,1,0,4,0,0,0,4,0,0,1,5,5,0,0,0,0,0,0,4,4,0,0,0,1,5,5,0,0,0,0,0,0,5,3,2,0,3,0,0,0,0,2,0,0,0,2,0,0,0,2,2,0,0,0,0,0,0,2,2,0,0,0,0,2,2,0,0,0,0,0,0,2,2,0,0,2,0,0,367,1,0,8,376,256,1,90,19,8,2,0,375,0,0,0,0,0,0,0,0,0,0,0,0,NA
270670305000003,1,319,319,318,1,0,223,0,67,0,29,0,318,0,0,1,319,228,0,91,0,0,0,0,317,239,62,16,0,0,0,0,0,0,2,319,319,0,0,0,0,0,0,319,318,1,0,303,15,0,34,61,71,75,45,20,7,1,1,4,41,22,30,48,44,28,12,5,17,4,1,0,0,0,0,26,22,10,4,0,0,31,23,31,17,8,8,17,16,7,6,1,0,0,15,6,1,2,0,0,223,0,66,0,29,0,318,0,0,0,318,228,0,90,0,0,0,0,316,238,62,16,0,2,318,318,0,0,0,0,0,0,318,317,1,0,303,14,0,0,0,1,0,0,0,0,0,0,1,1,0,0,1,0,0,0,0,1,1,0,0,0,0,1,1,0,0,0,0,0,0,1,1,0,0,0,1,0,0,0,0,0,0,0,0,0,0,0,0,0,0,0,0,0,0,0,0,0,0,0,0,0,0,0,0,0,0,0,0,0,0,0,0,0,0,0,0,318,0,0,1,319,228,0,91,0,0,0,0,317,0,0,0,0,0,0,0,0,0,0,0,0,NA
270670305000004,1,299,297,285,11,1,176,6,96,0,19,0,293,0,0,4,296,227,52,14,1,2,0,1,272,195,56,17,3,0,1,0,0,0,25,297,295,2,0,0,0,0,0,296,296,0,1,284,12,0,43,67,63,66,33,14,5,2,3,1,48,29,29,31,48,17,6,4,24,2,1,2,0,0,0,27,14,6,2,0,0,38,32,18,16,8,7,19,19,14,2,1,1,0,19,5,4,0,0,1,173,6,90,0,16,0,282,0,0,3,285,218,51,13,1,2,0,0,267,192,55,16,4,18,285,283,2,0,0,0,0,0,284,284,0,1,276,8,0,2,0,6,0,3,0,10,0,0,1,10,9,1,0,0,0,0,1,4,3,0,1,0,7,11,11,0,0,0,0,0,0,11,11,0,0,7,4,0,1,0,0,0,0,0,1,0,0,0,1,0,0,1,0,0,0,0,1,0,1,0,0,0,1,1,0,0,0,0,0,0,1,1,0,0,1,0,0,293,0,0,4,296,227,52,14,1,2,0,1,272,0,0,0,0,0,0,0,0,0,0,0,0,NA
270670305000005,1,258,248,244,0,0,147,9,73,1,17,1,244,3,0,1,248,159,1,72,0,11,5,0,241,166,61,12,1,1,0,0,0,0,7,245,243,2,1,0,1,1,0,244,244,0,4,241,1,2,39,59,42,55,27,15,7,2,1,1,43,25,23,20,26,16,2,4,19,6,0,0,0,0,0,17,13,9,1,0,0,36,22,29,11,13,7,20,21,7,5,0,0,1,15,4,4,0,0,0,147,9,70,0,17,1,240,3,0,1,244,155,1,72,0,11,5,0,241,166,61,12,2,3,241,239,2,1,0,1,1,0,240,240,0,4,237,1,2,0,0,0,0,0,0,0,0,0,0,0,0,0,0,0,0,0,0,0,0,0,0,0,0,0,0,0,0,0,0,0,0,0,0,0,0,0,0,0,0,0,0,0,0,0,0,0,0,0,0,0,0,0,0,0,0,0,0,0,0,0,0,0,0,0,0,0,0,0,0,0,0,0,0,0,0,0,0,241,3,0,1,245,157,1,72,0,10,5,0,238,3,0,0,0,3,2,0,0,0,1,0,0,NA
270670305000006,1,301,281,281,0,0,180,8,71,0,20,2,275,6,0,0,280,163,39,72,6,0,0,1,280,153,81,30,9,2,3,0,0,2,1,281,281,0,0,0,0,0,0,280,280,0,1,280,0,0,48,72,51,51,28,23,3,4,0,1,55,16,29,32,31,17,13,4,14,2,0,0,0,0,0,27,16,12,2,0,0,43,19,20,11,10,4,34,27,5,1,0,0,0,16,4,1,0,0,0,180,8,71,0,20,2,275,6,0,0,280,163,39,72,6,0,0,1,280,153,81,30,16,1,281,281,0,0,0,0,0,0,280,280,0,1,280,0,0,0,0,0,0,0,0,0,0,0,0,0,0,0,0,0,0,0,0,0,0,0,0,0,0,0,0,0,0,0,0,0,0,0,0,0,0,0,0,0,0,0,0,0,0,0,0,0,0,0,0,0,0,0,0,0,0,0,0,0,0,0,0,0,0,0,0,0,0,0,0,0,0,0,0,0,0,0,0,275,6,0,0,280,163,39,72,6,0,0,1,280,0,0,0,0,0,0,0,0,0,0,0,0,NA
270670305000007,1,307,307,307,0,0,243,0,58,1,5,0,305,0,0,2,304,31,12,15,0,245,1,3,300,268,32,0,0,0,0,0,0,0,7,305,282,23,0,0,0,2,0,305,305,0,2,302,0,3,34,61,55,89,40,16,7,1,2,2,33,20,30,38,61,28,11,4,17,2,1,0,0,0,0,28,20,8,3,0,1,31,17,28,12,5,8,17,22,7,11,0,0,0,9,3,4,0,0,0,243,0,58,1,5,0,305,0,0,2,304,31,12,15,0,245,1,3,300,268,32,0,0,7,305,282,23,0,0,0,2,0,305,305,0,2,302,0,3,0,0,0,0,0,0,0,0,0,0,0,0,0,0,0,0,0,0,0,0,0,0,0,0,0,0,0,0,0,0,0,0,0,0,0,0,0,0,0,0,0,0,0,0,0,0,0,0,0,0,0,0,0,0,0,0,0,0,0,0,0,0,0,0,0,0,0,0,0,0,0,0,0,0,0,0,0,0,304,0,0,1,303,31,12,15,0,244,1,2,299,1,0,0,1,1,0,0,0,0,1,0,1,NA
270670305000008,1,273,273,273,0,0,208,1,44,0,20,0,262,0,1,10,260,3,0,162,76,17,2,13,248,226,19,2,1,0,0,0,0,0,25,271,270,1,0,0,1,0,1,269,269,0,4,258,10,1,38,47,67,60,39,12,5,2,3,0,36,22,25,42,31,18,4,2,18,4,0,0,0,0,0,21,20,7,2,0,0,22,25,29,21,8,8,20,14,11,10,1,0,0,8,5,3,0,0,0,208,1,44,0,20,0,262,0,1,10,260,3,0,162,76,17,2,13,248,226,19,2,1,25,271,270,1,0,0,1,0,1,269,269,0,4,258,10,1,0,0,0,0,0,0,0,0,0,0,0,0,0,0,0,0,0,0,0,0,0,0,0,0,0,0,0,0,0,0,0,0,0,0,0,0,0,0,0,0,0,0,0,0,0,0,0,0,0,0,0,0,0,0,0,0,0,0,0,0,0,0,0,0,0,0,0,0,0,0,0,0,0,0,0,0,0,0,262,0,1,8,259,3,0,162,76,17,1,12,248,0,0,0,2,1,0,0,0,0,0,1,1,NA
270670305000009,1,294,294,294,0,0,249,2,24,0,18,1,278,0,0,16,268,94,0,122,4,47,1,26,266,248,15,2,1,0,0,0,0,0,28,294,293,1,0,0,0,0,0,293,293,0,1,279,6,8,32,50,71,61,30,25,11,9,3,2,26,22,26,49,40,20,20,16,18,4,0,0,0,0,0,22,13,8,0,4,1,24,22,21,10,5,9,14,15,10,4,0,0,0,9,2,0,1,0,0,249,2,24,0,18,1,278,0,0,16,268,94,0,122,4,47,1,26,266,248,15,2,1,28,294,293,1,0,0,0,0,0,293,293,0,1,279,6,8,0,0,0,0,0,0,0,0,0,0,0,0,0,0,0,0,0,0,0,0,0,0,0,0,0,0,0,0,0,0,0,0,0,0,0,0,0,0,0,0,0,0,0,0,0,0,0,0,0,0,0,0,0,0,0,0,0,0,0,0,0,0,0,0,0,0,0,0,0,0,0,0,0,0,0,0,0,0,278,0,0,16,268,94,0,122,4,47,1,26,266,0,0,0,0,0,0,0,0,0,0,0,0,NA
270670305000010,1,273,273,273,0,0,190,0,40,0,43,0,264,0,0,9,272,95,8,135,29,2,3,1,252,229,16,5,1,1,0,0,0,0,21,270,263,7,3,0,0,0,0,271,270,1,2,263,7,0,35,51,68,61,32,12,7,4,0,3,36,16,20,32,37,17,6,6,15,1,0,0,0,0,0,19,16,9,2,1,0,31,36,24,15,6,8,20,24,12,7,0,1,0,7,6,3,0,0,0,190,0,40,0,43,0,264,0,0,9,272,95,8,135,29,2,3,1,252,229,16,5,2,21,270,263,7,3,0,0,0,0,271,270,1,2,263,7,0,0,0,0,0,0,0,0,0,0,0,0,0,0,0,0,0,0,0,0,0,0,0,0,0,0,0,0,0,0,0,0,0,0,0,0,0,0,0,0,0,0,0,0,0,0,0,0,0,0,0,0,0,0,0,0,0,0,0,0,0,0,0,0,0,0,0,0,0,0,0,0,0,0,0,0,0,0,0,261,0,0,9,269,95,8,133,29,2,2,1,250,3,0,0,0,3,0,0,2,0,0,1,0,NA
270670305000011,1,311,311,311,0,0,243,10,43,2,13,0,307,0,0,4,311,4,46,252,3,0,6,0,311,185,86,28,9,2,1,0,0,0,0,311,310,1,0,0,0,0,0,311,311,0,0,307,4,0,32,67,73,72,49,12,2,3,1,0,45,16,35,35,42,36,8,4,12,2,0,2,0,0,0,33,17,15,2,2,0,32,38,30,13,4,2,20,21,12,4,0,0,0,11,9,5,0,0,0,243,10,43,2,13,0,307,0,0,4,311,4,46,252,3,0,6,0,311,185,86,28,12,0,311,310,1,0,0,0,0,0,311,311,0,0,307,4,0,0,0,0,0,0,0,0,0,0,0,0,0,0,0,0,0,0,0,0,0,0,0,0,0,0,0,0,0,0,0,0,0,0,0,0,0,0,0,0,0,0,0,0,0,0,0,0,0,0,0,0,0,0,0,0,0,0,0,0,0,0,0,0,0,0,0,0,0,0,0,0,0,0,0,0,0,0,0,307,0,0,4,311,4,46,252,3,0,6,0,311,0,0,0,0,0,0,0,0,0,0,0,0,NA
270670305000012,1,370,370,359,11,0,257,1,97,0,15,0,369,0,1,0,369,5,354,10,0,0,0,1,368,266,76,19,6,1,0,0,0,0,2,370,370,0,0,0,0,0,0,370,370,0,0,357,0,13,34,79,88,84,53,15,11,2,3,1,59,12,35,57,57,35,9,9,9,2,1,0,0,0,0,33,29,11,4,0,0,44,31,27,18,6,8,25,22,9,4,2,0,0,22,9,2,1,0,0,256,1,87,0,15,0,358,0,1,0,358,5,343,10,0,0,0,1,357,255,76,19,7,2,359,359,0,0,0,0,0,0,359,359,0,0,349,0,10,1,0,10,0,0,0,11,0,0,0,11,0,11,0,0,0,0,0,11,11,0,0,0,0,11,11,0,0,0,0,0,0,11,11,0,0,8,0,3,0,0,0,0,0,0,0,0,0,0,0,0,0,0,0,0,0,0,0,0,0,0,0,0,0,0,0,0,0,0,0,0,0,0,0,0,0,0,0,369,0,1,0,369,5,354,10,0,0,0,1,368,0,0,0,0,0,0,0,0,0,0,0,0,NA
270670305000013,1,248,248,248,0,0,192,1,44,1,10,0,245,0,0,3,247,8,1,234,1,0,3,1,246,208,32,6,0,0,0,0,0,0,2,239,237,2,6,0,0,0,3,244,244,0,4,239,5,0,20,39,54,61,39,18,6,6,2,3,21,17,21,36,36,22,12,10,12,5,0,0,0,0,0,16,11,6,4,1,0,18,18,25,17,6,7,8,11,8,5,0,0,0,7,5,1,0,0,0,192,1,44,1,10,0,245,0,0,3,247,8,1,234,1,0,3,1,246,208,32,6,0,2,239,237,2,6,0,0,0,3,244,244,0,4,239,5,0,0,0,0,0,0,0,0,0,0,0,0,0,0,0,0,0,0,0,0,0,0,0,0,0,0,0,0,0,0,0,0,0,0,0,0,0,0,0,0,0,0,0,0,0,0,0,0,0,0,0,0,0,0,0,0,0,0,0,0,0,0,0,0,0,0,0,0,0,0,0,0,0,0,0,0,0,0,0,236,0,0,3,238,8,1,225,1,0,3,1,237,9,0,0,0,9,0,0,9,0,0,0,0,NA
270670305000014,1,169,169,163,6,0,106,8,34,0,21,0,169,0,0,0,169,5,1,163,0,0,0,0,169,146,21,2,0,0,0,0,0,0,0,169,165,4,0,0,0,0,0,169,169,0,0,164,5,0,21,41,38,37,19,5,3,2,2,1,25,13,20,20,20,7,2,4,10,2,1,0,0,0,0,18,8,4,1,0,0,21,18,17,12,3,4,11,14,9,0,1,0,0,7,3,4,0,0,0,105,6,31,0,21,0,163,0,0,0,163,5,1,157,0,0,0,0,163,140,21,2,0,0,163,159,4,0,0,0,0,0,163,163,0,0,158,5,0,1,2,3,0,0,0,6,0,0,0,6,0,0,6,0,0,0,0,6,6,0,0,0,0,6,6,0,0,0,0,0,0,6,6,0,0,6,0,0,0,0,0,0,0,0,0,0,0,0,0,0,0,0,0,0,0,0,0,0,0,0,0,0,0,0,0,0,0,0,0,0,0,0,0,0,0,0,0,169,0,0,0,169,5,1,163,0,0,0,0,169,0,0,0,0,0,0,0,0,0,0,0,0,NA
270670305000015,1,314,314,314,0,0,234,6,58,0,16,0,314,0,0,0,314,27,286,0,1,0,0,0,313,221,76,14,2,0,0,0,0,0,1,314,312,2,0,0,0,0,0,312,312,0,2,307,5,0,33,62,88,68,40,13,6,1,2,1,41,12,28,59,55,28,9,6,10,2,0,0,0,0,0,26,27,11,2,1,1,34,29,13,12,4,4,23,21,9,5,0,1,0,13,4,0,1,0,0,234,6,58,0,16,0,314,0,0,0,314,27,286,0,1,0,0,0,313,221,76,14,2,1,314,312,2,0,0,0,0,0,312,312,0,2,307,5,0,0,0,0,0,0,0,0,0,0,0,0,0,0,0,0,0,0,0,0,0,0,0,0,0,0,0,0,0,0,0,0,0,0,0,0,0,0,0,0,0,0,0,0,0,0,0,0,0,0,0,0,0,0,0,0,0,0,0,0,0,0,0,0,0,0,0,0,0,0,0,0,0,0,0,0,0,0,0,314,0,0,0,314,27,286,0,1,0,0,0,313,0,0,0,0,0,0,0,0,0,0,0,0,NA
270670305000016,1,345,344,337,2,5,248,15,77,0,4,0,342,1,0,1,344,10,313,17,3,0,1,0,343,109,107,83,32,7,3,2,0,0,1,344,341,3,0,0,0,0,0,344,344,0,0,333,8,3,27,68,99,84,37,13,12,2,1,1,33,14,40,77,63,26,11,12,12,2,0,0,0,0,0,38,37,13,4,2,0,28,22,21,11,2,4,15,17,9,1,0,0,0,11,3,3,1,0,0,245,15,73,0,4,0,336,1,0,0,337,9,307,17,3,0,1,0,337,106,106,82,43,0,337,334,3,0,0,0,0,0,337,337,0,0,329,6,2,0,0,2,0,0,0,1,0,0,1,2,1,1,0,0,0,0,0,1,1,0,0,0,1,2,2,0,0,0,0,0,0,2,2,0,0,1,0,1,3,0,2,0,0,0,5,0,0,0,5,0,5,0,0,0,0,0,5,2,1,1,1,0,5,5,0,0,0,0,0,0,5,5,0,0,3,2,0,342,1,0,1,344,10,313,17,3,0,1,0,343,0,0,0,0,0,0,0,0,0,0,0,0,NA
270670305000017,1,338,337,336,0,0,242,10,65,0,19,1,332,1,0,4,336,23,307,4,0,0,2,1,332,221,82,21,5,2,0,1,0,0,5,334,329,5,2,0,0,0,1,335,334,1,2,315,10,9,39,64,75,78,51,19,0,5,1,5,43,16,37,52,61,31,13,8,13,2,1,0,0,0,0,35,23,10,6,1,0,27,23,17,20,6,3,26,17,9,3,0,0,0,10,4,2,0,1,0,242,10,65,0,18,1,331,1,0,4,335,23,306,4,0,0,2,1,332,221,82,21,8,4,333,328,5,2,0,0,0,1,334,333,1,2,314,10,9,0,0,0,0,0,0,0,0,0,0,0,0,0,0,0,0,0,0,0,0,0,0,0,0,0,0,0,0,0,0,0,0,0,0,0,0,0,0,0,0,0,0,0,0,0,0,0,0,0,0,0,0,0,0,0,0,0,0,0,0,0,0,0,0,0,0,0,0,0,0,0,0,0,0,0,0,0,0,329,1,0,4,333,22,305,4,0,0,2,1,330,3,0,0,0,3,1,2,0,0,0,0,0,NA
270670305000018,1,336,335,332,0,3,256,0,38,5,29,7,316,4,0,15,329,40,11,194,0,0,84,6,226,204,20,1,1,0,0,0,0,0,109,315,228,87,9,3,8,0,0,329,318,11,6,290,21,7,43,52,67,77,45,26,9,10,4,2,23,35,31,45,53,32,19,16,29,6,0,0,0,0,0,25,20,6,5,0,0,21,22,24,13,7,9,14,14,7,4,1,1,0,7,2,0,0,0,0,255,0,36,5,29,7,313,4,0,15,326,39,10,193,0,0,84,6,223,201,20,1,1,109,312,225,87,9,3,8,0,0,326,315,11,6,288,20,7,0,0,0,0,0,0,0,0,0,0,0,0,0,0,0,0,0,0,0,0,0,0,0,0,0,0,0,0,0,0,0,0,0,0,0,0,0,0,0,1,0,2,0,0,0,3,0,0,0,3,1,1,1,0,0,0,0,3,3,0,0,0,0,3,3,0,0,0,0,0,0,3,3,0,0,2,1,0,300,2,0,13,309,38,11,186,0,0,74,6,217,16,2,0,2,20,2,0,8,0,0,10,0,NA
270670305000019,1,412,412,411,1,0,306,8,85,0,12,1,406,0,0,6,409,10,1,395,1,0,2,3,404,363,36,3,0,1,1,0,0,0,8,411,404,7,0,0,1,0,0,406,401,5,6,367,19,15,50,69,79,92,59,34,16,7,5,1,41,35,40,44,59,40,17,7,31,3,1,0,0,0,0,37,23,10,4,0,0,29,35,33,19,17,22,19,19,9,5,2,1,0,10,9,2,1,0,0,306,8,84,0,12,1,405,0,0,6,408,10,1,394,1,0,2,3,403,362,36,3,2,8,410,403,7,0,0,1,0,0,405,400,5,6,367,19,14,0,0,1,0,0,0,1,0,0,0,1,0,0,1,0,0,0,0,1,1,0,0,0,0,1,1,0,0,0,0,0,0,1,1,0,0,0,0,1,0,0,0,0,0,0,0,0,0,0,0,0,0,0,0,0,0,0,0,0,0,0,0,0,0,0,0,0,0,0,0,0,0,0,0,0,0,0,0,406,0,0,5,409,10,1,395,1,0,2,2,404,0,0,0,1,0,0,0,0,0,0,0,1,NA
270670305000020,1,401,400,391,7,2,295,1,88,1,15,0,390,2,0,8,400,12,206,180,0,1,1,0,398,313,72,9,2,2,0,0,0,0,2,397,396,1,1,0,2,0,0,397,397,0,3,390,3,4,36,81,106,85,50,21,8,5,6,2,55,12,42,62,66,37,16,7,10,2,0,0,0,0,0,40,22,20,4,0,0,39,44,19,13,5,14,26,22,10,3,1,0,0,17,6,3,3,0,0,295,1,79,1,15,0,381,2,0,8,391,12,206,171,0,1,1,0,389,305,71,9,4,2,388,387,1,1,0,2,0,0,388,388,0,3,381,3,4,0,0,7,0,0,0,7,0,0,0,7,0,0,7,0,0,0,0,7,7,0,0,0,0,7,7,0,0,0,0,0,0,7,7,0,0,7,0,0,0,0,2,0,0,0,2,0,0,0,2,0,0,2,0,0,0,0,2,1,1,0,0,0,2,2,0,0,0,0,0,0,2,2,0,0,2,0,0,388,2,0,7,397,11,206,179,0,0,1,0,396,2,0,0,1,3,1,0,1,0,1,0,0,NA
270670305000021,1,302,299,284,15,0,203,3,54,4,35,0,289,0,0,10,291,2,3,286,0,0,0,8,288,217,58,9,4,0,0,0,0,0,11,299,297,2,0,0,0,0,0,291,291,0,8,241,16,34,24,39,81,68,43,20,12,7,0,5,20,17,26,58,53,34,12,18,14,1,1,1,0,0,0,25,23,15,4,0,0,13,23,15,9,8,6,10,10,4,5,1,1,0,3,6,1,0,0,0,202,3,49,2,28,0,274,0,0,10,276,2,3,271,0,0,0,8,273,202,58,9,4,11,284,282,2,0,0,0,0,0,276,276,0,8,235,11,30,1,0,5,2,7,0,15,0,0,0,15,0,0,15,0,0,0,0,15,15,0,0,0,0,15,15,0,0,0,0,0,0,15,15,0,0,6,5,4,0,0,0,0,0,0,0,0,0,0,0,0,0,0,0,0,0,0,0,0,0,0,0,0,0,0,0,0,0,0,0,0,0,0,0,0,0,0,0,289,0,0,10,291,2,3,286,0,0,0,8,288,0,0,0,0,0,0,0,0,0,0,0,0,NA
270670305000022,1,402,401,398,3,0,280,2,98,1,17,3,380,0,1,20,400,3,2,373,22,0,0,1,393,356,37,0,0,0,0,0,0,0,8,395,320,75,1,0,4,1,0,386,386,0,15,341,41,4,34,73,87,96,60,29,9,10,2,1,41,22,37,52,67,32,21,10,16,3,2,0,1,0,0,34,20,14,6,1,1,36,35,29,28,8,12,18,21,13,9,3,0,0,15,7,1,0,0,0,280,2,95,1,17,3,377,0,1,20,397,3,2,370,22,0,0,1,390,353,37,0,0,8,392,317,75,1,0,4,1,0,383,383,0,15,341,38,4,0,0,3,0,0,0,3,0,0,0,3,0,0,3,0,0,0,0,3,3,0,0,0,0,3,3,0,0,0,0,0,0,3,3,0,0,0,3,0,0,0,0,0,0,0,0,0,0,0,0,0,0,0,0,0,0,0,0,0,0,0,0,0,0,0,0,0,0,0,0,0,0,0,0,0,0,0,0,376,0,1,18,394,3,2,368,21,0,0,1,388,4,0,0,2,6,0,0,5,1,0,0,0,NA
270670305000023,1,247,246,241,3,0,179,0,49,0,18,0,246,0,0,0,245,3,8,192,42,0,0,1,243,177,59,6,1,0,0,0,0,0,3,245,245,0,0,0,0,1,0,244,244,0,2,232,11,1,17,51,56,60,30,22,5,2,1,2,21,6,27,38,30,15,14,4,6,0,0,0,0,0,0,27,20,8,5,2,1,24,18,30,15,8,6,11,18,7,7,1,0,0,6,1,3,0,0,0,179,0,45,0,17,0,241,0,0,0,240,3,8,187,42,0,0,1,240,174,59,6,1,1,240,240,0,0,0,0,1,0,240,240,0,1,229,10,1,0,0,3,0,0,0,3,0,0,0,3,0,0,3,0,0,0,0,3,3,0,0,0,0,3,3,0,0,0,0,0,0,3,3,0,0,2,1,0,0,0,0,0,0,0,0,0,0,0,0,0,0,0,0,0,0,0,0,0,0,0,0,0,0,0,0,0,0,0,0,0,0,0,0,0,0,0,0,245,0,0,0,244,3,8,191,42,0,0,1,242,1,0,0,0,1,0,0,1,0,0,0,0,NA
270670305000024,1,200,200,200,0,0,97,52,24,2,25,0,200,0,0,0,199,1,25,169,0,0,4,1,198,146,47,3,2,0,0,0,0,0,2,200,200,0,0,0,0,0,0,200,200,0,0,192,6,2,15,36,44,53,31,17,1,1,2,0,19,4,16,29,35,18,9,3,4,0,0,0,0,0,0,16,12,8,6,0,0,20,15,18,13,8,1,11,15,7,3,1,1,0,5,2,1,0,0,0,97,52,24,2,25,0,200,0,0,0,199,1,25,169,0,0,4,1,198,146,47,3,2,2,200,200,0,0,0,0,0,0,200,200,0,0,192,6,2,0,0,0,0,0,0,0,0,0,0,0,0,0,0,0,0,0,0,0,0,0,0,0,0,0,0,0,0,0,0,0,0,0,0,0,0,0,0,0,0,0,0,0,0,0,0,0,0,0,0,0,0,0,0,0,0,0,0,0,0,0,0,0,0,0,0,0,0,0,0,0,0,0,0,0,0,0,0,200,0,0,0,199,1,25,169,0,0,4,1,198,0,0,0,0,0,0,0,0,0,0,0,0,NA
270670305000025,1,321,321,317,4,0,154,105,35,1,23,3,318,0,0,3,321,30,169,115,1,2,4,0,320,194,108,18,0,0,0,0,0,0,1,319,247,72,2,0,0,0,0,320,320,0,1,317,2,1,16,42,85,85,64,19,4,5,0,1,27,6,11,40,30,18,8,1,4,1,1,0,0,0,0,10,17,9,3,0,0,31,45,55,46,11,9,12,24,19,12,5,0,0,7,6,1,1,0,0,153,105,32,1,23,3,314,0,0,3,317,30,169,111,1,2,4,0,316,190,108,18,0,1,315,244,71,2,0,0,0,0,316,316,0,1,313,2,1,1,0,3,0,0,0,4,0,0,0,4,0,0,4,0,0,0,0,4,4,0,0,0,0,4,3,1,0,0,0,0,0,4,4,0,0,4,0,0,0,0,0,0,0,0,0,0,0,0,0,0,0,0,0,0,0,0,0,0,0,0,0,0,0,0,0,0,0,0,0,0,0,0,0,0,0,0,0,316,0,0,3,319,30,169,113,1,2,4,0,318,2,0,0,0,2,0,0,2,0,0,0,0,NA
270670305000026,1,336,335,335,0,0,251,6,58,3,17,0,335,0,0,0,335,176,54,102,0,3,0,0,335,226,93,14,2,0,0,0,0,0,0,334,325,9,0,0,0,0,1,331,331,0,4,309,20,2,31,51,77,75,55,23,12,5,4,2,41,14,18,37,44,35,16,9,13,1,0,0,0,0,0,17,19,10,6,1,0,33,40,31,20,7,14,18,22,14,8,0,0,0,11,8,2,2,0,0,251,6,58,3,17,0,335,0,0,0,335,176,54,102,0,3,0,0,335,226,93,14,2,0,334,325,9,0,0,0,0,1,331,331,0,4,309,20,2,0,0,0,0,0,0,0,0,0,0,0,0,0,0,0,0,0,0,0,0,0,0,0,0,0,0,0,0,0,0,0,0,0,0,0,0,0,0,0,0,0,0,0,0,0,0,0,0,0,0,0,0,0,0,0,0,0,0,0,0,0,0,0,0,0,0,0,0,0,0,0,0,0,0,0,0,0,0,334,0,0,0,334,176,54,101,0,3,0,0,334,1,0,0,0,1,0,0,1,0,0,0,0,NA
270670305000027,1,431,431,424,6,0,314,3,98,0,16,0,431,0,0,0,429,16,11,402,0,0,0,2,427,303,104,15,2,2,1,0,0,0,4,431,431,0,0,0,0,0,0,431,431,0,0,407,24,0,39,85,99,103,52,24,10,6,5,8,43,21,33,59,70,37,12,20,20,0,1,0,0,0,0,33,25,15,5,0,1,52,40,33,15,12,9,19,36,12,8,1,1,0,16,6,1,1,0,0,313,3,92,0,16,0,424,0,0,0,422,16,6,400,0,0,0,2,421,302,99,15,5,3,424,424,0,0,0,0,0,0,424,424,0,0,401,23,0,0,0,6,0,0,0,6,0,0,0,6,0,5,1,0,0,0,0,6,1,5,0,0,0,6,6,0,0,0,0,0,0,6,6,0,0,6,0,0,0,0,0,0,0,0,0,0,0,0,0,0,0,0,0,0,0,0,0,0,0,0,0,0,0,0,0,0,0,0,0,0,0,0,0,0,0,0,0,431,0,0,0,429,16,11,402,0,0,0,2,427,0,0,0,0,0,0,0,0,0,0,0,0,NA
270670305000028,1,326,326,324,2,0,295,0,24,0,7,0,323,2,0,1,326,12,1,311,0,1,1,0,323,312,11,0,0,0,0,0,0,0,3,326,7,319,0,0,0,0,0,325,325,0,1,321,4,0,33,51,82,54,51,26,13,3,5,8,30,22,31,53,35,33,15,15,19,1,1,1,0,0,0,30,20,9,2,3,0,20,29,19,18,11,14,14,12,5,4,2,0,0,8,6,2,0,0,0,294,0,23,0,7,0,321,2,0,1,324,12,1,309,0,1,1,0,323,312,11,0,0,1,324,7,317,0,0,0,0,0,323,323,0,1,321,2,0,1,0,1,0,0,0,2,0,0,0,2,0,0,2,0,0,0,0,0,0,0,0,0,2,2,0,2,0,0,0,0,0,2,2,0,0,0,2,0,0,0,0,0,0,0,0,0,0,0,0,0,0,0,0,0,0,0,0,0,0,0,0,0,0,0,0,0,0,0,0,0,0,0,0,0,0,0,0,323,2,0,1,326,12,1,311,0,1,1,0,323,0,0,0,0,0,0,0,0,0,0,0,0,NA
270670305000029,1,333,311,311,0,0,265,8,27,2,9,0,304,0,0,7,311,2,14,291,0,0,4,0,307,242,36,16,9,2,1,0,0,1,4,308,308,0,2,0,1,0,0,309,309,0,2,283,25,1,22,45,68,79,39,30,15,9,3,1,22,17,21,38,51,25,20,15,14,1,2,0,0,0,0,20,19,8,2,2,0,24,30,28,14,10,13,8,17,7,2,3,1,0,7,4,2,0,1,0,265,8,27,2,9,0,304,0,0,7,311,2,14,291,0,0,4,0,307,242,36,16,13,4,308,308,0,2,0,1,0,0,309,309,0,2,283,25,1,0,0,0,0,0,0,0,0,0,0,0,0,0,0,0,0,0,0,0,0,0,0,0,0,0,0,0,0,0,0,0,0,0,0,0,0,0,0,0,0,0,0,0,0,0,0,0,0,0,0,0,0,0,0,0,0,0,0,0,0,0,0,0,0,0,0,0,0,0,0,0,0,0,0,0,0,0,0,301,0,0,7,308,2,13,289,0,0,4,0,304,3,0,0,0,3,0,1,2,0,0,0,0,NA
270670305000030,1,381,381,381,0,0,297,2,45,2,35,0,374,0,0,7,378,21,51,301,4,0,1,3,362,342,15,5,0,0,0,0,0,0,19,379,378,1,1,0,0,0,1,380,379,1,1,367,10,2,31,68,76,93,51,29,17,10,2,4,33,28,37,46,56,38,11,21,22,4,2,0,0,0,0,33,21,10,7,0,1,31,30,37,13,18,12,9,17,5,7,0,0,1,14,9,1,0,0,0,297,2,45,2,35,0,374,0,0,7,378,21,51,301,4,0,1,3,362,342,15,5,0,19,379,378,1,1,0,0,0,1,380,379,1,1,367,10,2,0,0,0,0,0,0,0,0,0,0,0,0,0,0,0,0,0,0,0,0,0,0,0,0,0,0,0,0,0,0,0,0,0,0,0,0,0,0,0,0,0,0,0,0,0,0,0,0,0,0,0,0,0,0,0,0,0,0,0,0,0,0,0,0,0,0,0,0,0,0,0,0,0,0,0,0,0,0,372,0,0,7,376,21,51,299,4,0,1,3,360,2,0,0,0,2,0,0,2,0,0,0,0,NA
270670305000031,1,317,317,311,6,0,205,1,72,0,39,0,315,0,0,2,299,32,1,266,0,0,0,18,287,270,16,1,0,0,0,0,0,0,30,316,4,312,1,0,0,0,0,316,316,0,1,277,38,1,37,55,55,75,40,25,20,5,4,1,30,28,20,29,51,26,11,15,22,5,1,0,0,0,0,15,13,12,5,2,0,35,26,24,14,14,15,15,25,8,1,0,0,0,10,1,3,1,0,0,204,1,67,0,39,0,309,0,0,2,293,32,1,260,0,0,0,18,285,268,16,1,0,26,310,4,306,1,0,0,0,0,310,310,0,1,275,34,1,1,0,5,0,0,0,6,0,0,0,6,0,0,6,0,0,0,0,2,2,0,0,0,4,6,0,6,0,0,0,0,0,6,6,0,0,2,4,0,0,0,0,0,0,0,0,0,0,0,0,0,0,0,0,0,0,0,0,0,0,0,0,0,0,0,0,0,0,0,0,0,0,0,0,0,0,0,0,314,0,0,2,298,32,1,265,0,0,0,18,287,1,0,0,0,1,0,0,1,0,0,0,0,NA
270670305000032,1,323,323,323,0,0,242,2,58,0,21,0,299,1,0,23,300,9,1,201,58,31,0,23,295,274,18,3,0,0,0,0,0,0,28,319,285,34,1,0,1,2,0,320,313,7,3,289,20,4,26,37,87,60,53,25,19,7,3,6,21,19,13,37,25,18,9,8,14,5,0,0,0,0,0,8,15,2,0,0,0,24,50,35,35,16,27,12,20,15,14,4,1,0,4,4,0,1,0,0,242,2,58,0,21,0,299,1,0,23,300,9,1,201,58,31,0,23,295,274,18,3,0,28,319,285,34,1,0,1,2,0,320,313,7,3,289,20,4,0,0,0,0,0,0,0,0,0,0,0,0,0,0,0,0,0,0,0,0,0,0,0,0,0,0,0,0,0,0,0,0,0,0,0,0,0,0,0,0,0,0,0,0,0,0,0,0,0,0,0,0,0,0,0,0,0,0,0,0,0,0,0,0,0,0,0,0,0,0,0,0,0,0,0,0,0,0,296,0,0,23,297,9,1,200,57,30,0,22,292,3,1,0,0,3,0,0,1,1,1,0,1,NA
270670305000033,1,340,340,337,3,0,258,4,51,2,25,0,331,1,1,7,339,6,4,324,2,1,2,1,335,292,39,4,0,0,0,0,0,0,5,340,337,3,0,0,0,0,0,337,335,2,3,330,4,1,28,61,75,68,65,20,14,4,3,2,28,18,34,57,46,46,13,10,17,1,0,0,0,0,0,33,20,12,4,0,0,27,18,22,19,7,13,11,18,3,6,0,1,0,9,5,3,0,0,0,258,4,48,2,25,0,328,1,1,7,336,6,4,321,2,1,2,1,332,289,39,4,0,5,337,334,3,0,0,0,0,0,334,332,2,3,327,4,1,0,0,3,0,0,0,3,0,0,0,3,0,0,3,0,0,0,0,3,3,0,0,0,0,3,3,0,0,0,0,0,0,3,3,0,0,3,0,0,0,0,0,0,0,0,0,0,0,0,0,0,0,0,0,0,0,0,0,0,0,0,0,0,0,0,0,0,0,0,0,0,0,0,0,0,0,0,0,331,1,1,7,339,6,4,324,2,1,2,1,335,0,0,0,0,0,0,0,0,0,0,0,0,NA
270670305000034,1,490,490,478,11,0,326,39,102,0,23,0,430,3,0,57,483,6,64,390,0,0,23,7,432,389,37,4,2,0,0,0,0,0,58,482,482,0,1,0,7,0,0,484,483,1,6,458,16,9,42,87,109,123,50,46,13,10,5,5,33,33,52,77,83,35,30,20,28,5,0,0,0,0,0,47,37,16,8,2,0,35,32,40,15,16,13,14,24,16,8,3,1,0,11,3,4,0,1,0,323,39,93,0,23,0,418,3,0,57,471,5,64,379,0,0,23,7,423,380,37,4,2,55,470,470,0,1,0,7,0,0,472,471,1,6,456,7,8,2,0,9,0,0,0,11,0,0,0,11,1,0,10,0,0,0,0,9,9,0,0,0,2,11,11,0,0,0,0,0,0,11,11,0,0,1,9,1,0,0,0,0,0,0,0,0,0,0,0,0,0,0,0,0,0,0,0,0,0,0,0,0,0,0,0,0,0,0,0,0,0,0,0,0,0,0,0,427,3,0,52,477,6,64,386,0,0,21,5,429,3,0,0,5,6,0,0,4,0,0,2,2,NA
270670305000035,5,167,167,167,0,0,144,1,9,2,11,0,141,15,0,11,148,1,0,147,0,0,0,19,129,124,4,0,1,0,0,0,0,0,38,83,83,0,72,4,5,1,2,162,162,0,5,155,1,6,12,32,45,40,18,8,7,2,0,3,13,6,16,26,27,11,4,7,6,0,0,0,0,0,0,16,9,9,0,0,0,16,19,13,7,4,5,6,11,10,1,1,0,0,5,0,2,0,0,0,144,1,9,2,11,0,141,15,0,11,148,1,0,147,0,0,0,19,129,124,4,0,1,38,83,83,0,72,4,5,1,2,162,162,0,5,155,1,6,0,0,0,0,0,0,0,0,0,0,0,0,0,0,0,0,0,0,0,0,0,0,0,0,0,0,0,0,0,0,0,0,0,0,0,0,0,0,0,0,0,0,0,0,0,0,0,0,0,0,0,0,0,0,0,0,0,0,0,0,0,0,0,0,0,0,0,0,0,0,0,0,0,0,0,0,0,0,78,0,0,5,73,0,0,73,0,0,0,10,66,63,15,0,6,75,1,0,74,0,0,0,9,NA
270670305000036,5,160,160,160,0,0,148,1,6,0,5,0,158,0,2,0,159,0,152,3,0,0,4,1,150,147,3,0,0,0,0,0,0,0,10,156,2,154,3,0,1,0,0,160,160,0,0,157,1,2,18,25,39,30,23,8,8,6,0,3,13,13,14,32,21,16,5,11,10,2,1,0,0,0,0,12,14,3,2,0,0,11,7,9,7,3,6,8,8,4,1,0,0,0,3,1,1,0,0,0,148,1,6,0,5,0,158,0,2,0,159,0,152,3,0,0,4,1,150,147,3,0,0,10,156,2,154,3,0,1,0,0,160,160,0,0,157,1,2,0,0,0,0,0,0,0,0,0,0,0,0,0,0,0,0,0,0,0,0,0,0,0,0,0,0,0,0,0,0,0,0,0,0,0,0,0,0,0,0,0,0,0,0,0,0,0,0,0,0,0,0,0,0,0,0,0,0,0,0,0,0,0,0,0,0,0,0,0,0,0,0,0,0,0,0,0,0,156,0,0,0,156,0,152,1,0,0,3,0,148,2,0,2,0,3,0,0,2,0,0,1,1,NA
270670305000037,5,205,205,205,0,0,170,1,9,2,23,0,197,3,1,4,194,0,35,143,12,3,1,11,180,162,16,1,0,1,0,0,0,0,25,171,24,147,28,1,4,0,1,201,201,0,4,181,7,13,16,29,51,50,29,14,5,3,3,5,11,13,21,38,40,24,12,16,12,0,1,0,0,0,0,21,14,9,3,1,0,8,13,10,5,2,0,4,3,4,1,0,0,0,5,0,2,0,0,0,170,1,9,2,23,0,197,3,1,4,194,0,35,143,12,3,1,11,180,162,16,1,1,25,171,24,147,28,1,4,0,1,201,201,0,4,181,7,13,0,0,0,0,0,0,0,0,0,0,0,0,0,0,0,0,0,0,0,0,0,0,0,0,0,0,0,0,0,0,0,0,0,0,0,0,0,0,0,0,0,0,0,0,0,0,0,0,0,0,0,0,0,0,0,0,0,0,0,0,0,0,0,0,0,0,0,0,0,0,0,0,0,0,0,0,0,0,169,1,0,1,163,0,29,123,7,3,1,8,155,28,2,1,3,31,0,6,20,5,0,0,3,NA
270670305000038,4,275,274,274,0,0,234,2,12,0,26,0,252,5,1,16,248,0,1,228,2,0,17,26,227,211,15,1,0,0,0,0,0,0,47,213,8,205,47,0,11,1,2,259,259,0,15,213,11,35,32,39,50,53,36,34,12,9,4,5,22,22,23,35,39,27,25,21,18,3,1,0,0,0,0,20,13,9,1,1,0,16,15,14,9,9,9,14,13,4,1,0,0,0,3,2,1,1,1,0,234,2,12,0,26,0,252,5,1,16,248,0,1,228,2,0,17,26,227,211,15,1,0,47,213,8,205,47,0,11,1,2,259,259,0,15,213,11,35,0,0,0,0,0,0,0,0,0,0,0,0,0,0,0,0,0,0,0,0,0,0,0,0,0,0,0,0,0,0,0,0,0,0,0,0,0,0,0,0,0,0,0,0,0,0,0,0,0,0,0,0,0,0,0,0,0,0,0,0,0,0,0,0,0,0,0,0,0,0,0,0,0,0,0,0,0,0,199,3,0,11,197,0,0,184,1,0,12,16,183,53,2,1,5,51,0,1,44,1,0,5,10,NA
270670305000039,8,82,76,76,0,0,28,4,0,7,37,0,25,16,1,34,64,0,0,61,0,0,3,12,56,54,1,0,1,0,0,0,0,0,20,8,7,1,53,3,6,0,6,71,71,0,5,44,18,9,11,10,13,17,13,5,4,1,1,1,4,10,8,10,11,6,4,4,9,1,0,0,0,0,0,7,4,2,0,0,0,2,3,6,7,1,3,2,1,1,1,0,0,0,1,1,0,0,0,0,28,4,0,7,37,0,25,16,1,34,64,0,0,61,0,0,3,12,56,54,1,0,1,20,8,7,1,53,3,6,0,6,71,71,0,5,44,18,9,0,0,0,0,0,0,0,0,0,0,0,0,0,0,0,0,0,0,0,0,0,0,0,0,0,0,0,0,0,0,0,0,0,0,0,0,0,0,0,0,0,0,0,0,0,0,0,0,0,0,0,0,0,0,0,0,0,0,0,0,0,0,0,0,0,0,0,0,0,0,0,0,0,0,0,0,0,0,2,5,0,1,7,0,0,6,0,0,1,1,7,23,11,1,33,57,0,0,55,0,0,2,11,NA
270670305000040,8,110,107,107,0,0,86,0,1,11,8,1,54,20,0,33,76,1,16,52,0,0,7,31,65,58,7,0,0,0,0,0,0,0,42,6,0,6,94,4,2,0,1,106,103,3,1,100,0,3,7,15,22,23,21,9,7,3,0,0,6,5,12,21,19,20,9,9,3,2,0,0,0,0,0,10,7,8,4,1,1,3,1,4,1,0,1,4,1,0,0,0,0,0,2,0,0,0,0,0,86,0,1,11,8,1,54,20,0,33,76,1,16,52,0,0,7,31,65,58,7,0,0,42,6,0,6,94,4,2,0,1,106,103,3,1,100,0,3,0,0,0,0,0,0,0,0,0,0,0,0,0,0,0,0,0,0,0,0,0,0,0,0,0,0,0,0,0,0,0,0,0,0,0,0,0,0,0,0,0,0,0,0,0,0,0,0,0,0,0,0,0,0,0,0,0,0,0,0,0,0,0,0,0,0,0,0,0,0,0,0,0,0,0,0,0,0,1,3,0,2,6,0,2,4,0,0,0,0,4,53,17,0,31,70,1,14,48,0,0,7,31,NA
270670305000041,8,271,270,270,0,0,248,2,3,1,15,1,221,35,4,10,270,1,5,194,15,1,54,0,174,170,4,0,0,0,0,0,0,0,96,89,89,0,142,11,28,0,0,266,265,1,4,220,1,44,11,41,55,78,46,22,11,4,2,0,15,11,31,50,70,43,21,14,4,5,2,0,0,0,0,26,27,8,2,2,0,10,5,8,3,1,3,7,5,2,5,0,0,0,5,2,1,0,0,0,248,2,3,1,15,1,221,35,4,10,270,1,5,194,15,1,54,0,174,170,4,0,0,96,89,89,0,142,11,28,0,0,266,265,1,4,220,1,44,0,0,0,0,0,0,0,0,0,0,0,0,0,0,0,0,0,0,0,0,0,0,0,0,0,0,0,0,0,0,0,0,0,0,0,0,0,0,0,0,0,0,0,0,0,0,0,0,0,0,0,0,0,0,0,0,0,0,0,0,0,0,0,0,0,0,0,0,0,0,0,0,0,0,0,0,0,0,82,7,0,0,89,1,2,76,3,0,7,0,79,139,28,4,10,181,0,3,118,12,1,47,0,NA
270670305000042,5,180,179,179,0,0,165,0,7,0,7,0,177,0,0,2,179,2,0,166,0,0,11,0,162,160,1,1,0,0,0,0,0,0,17,154,153,1,22,0,0,0,3,173,171,2,6,157,1,13,10,25,53,35,28,12,10,2,1,3,7,12,16,41,30,21,11,16,9,2,1,0,0,0,0,14,20,5,1,0,1,9,12,5,7,1,0,1,8,3,2,1,0,0,1,4,1,0,0,0,165,0,7,0,7,0,177,0,0,2,179,2,0,166,0,0,11,0,162,160,1,1,0,17,154,153,1,22,0,0,0,3,173,171,2,6,157,1,13,0,0,0,0,0,0,0,0,0,0,0,0,0,0,0,0,0,0,0,0,0,0,0,0,0,0,0,0,0,0,0,0,0,0,0,0,0,0,0,0,0,0,0,0,0,0,0,0,0,0,0,0,0,0,0,0,0,0,0,0,0,0,0,0,0,0,0,0,0,0,0,0,0,0,0,0,0,0,152,0,0,2,154,0,0,147,0,0,7,0,141,25,0,0,0,25,2,0,19,0,0,4,0,NA
270670305000043,8,182,178,177,1,0,167,0,2,4,5,0,165,5,0,8,178,7,0,164,5,0,2,0,172,169,2,0,1,0,0,0,0,0,6,1,1,0,176,0,0,0,1,176,173,3,2,167,2,4,16,23,37,47,30,7,7,5,4,2,6,14,20,34,43,29,7,18,12,1,0,1,0,0,0,19,15,7,2,0,1,3,3,4,1,0,0,4,2,1,2,1,0,0,1,1,0,0,0,0,166,0,2,4,5,0,164,5,0,8,177,7,0,163,5,0,2,0,171,168,2,0,1,6,0,0,0,176,0,0,0,1,175,172,3,2,166,2,4,1,0,0,0,0,0,1,0,0,0,1,0,0,1,0,0,0,0,1,1,0,0,0,0,1,1,0,0,0,0,0,0,1,1,0,0,1,0,0,0,0,0,0,0,0,0,0,0,0,0,0,0,0,0,0,0,0,0,0,0,0,0,0,0,0,0,0,0,0,0,0,0,0,0,0,0,0,0,1,0,0,0,1,0,0,1,0,0,0,0,1,164,5,0,8,177,7,0,163,5,0,2,0,NA
270670305000044,4,157,157,157,0,0,146,0,9,0,2,0,157,0,0,0,157,2,153,0,0,0,2,0,154,145,9,0,0,0,0,0,0,0,3,157,0,157,0,0,0,0,0,157,157,0,0,157,0,0,17,33,35,27,25,10,4,0,1,5,16,9,20,27,18,21,6,5,7,2,0,0,0,0,0,18,13,5,0,0,0,13,8,9,4,4,5,10,11,1,1,1,0,0,2,2,1,0,1,0,146,0,9,0,2,0,157,0,0,0,157,2,153,0,0,0,2,0,154,145,9,0,0,3,157,0,157,0,0,0,0,0,157,157,0,0,157,0,0,0,0,0,0,0,0,0,0,0,0,0,0,0,0,0,0,0,0,0,0,0,0,0,0,0,0,0,0,0,0,0,0,0,0,0,0,0,0,0,0,0,0,0,0,0,0,0,0,0,0,0,0,0,0,0,0,0,0,0,0,0,0,0,0,0,0,0,0,0,0,0,0,0,0,0,0,0,0,157,0,0,0,157,2,153,0,0,0,2,0,154,0,0,0,0,0,0,0,0,0,0,0,0,NA
270670305000045,7,168,168,168,0,0,154,0,2,0,12,0,162,0,1,5,160,0,137,18,1,0,4,8,152,141,11,0,0,0,0,0,0,0,16,87,84,3,67,5,7,0,2,166,166,0,2,159,1,6,8,17,39,48,32,13,6,3,2,0,2,8,8,32,40,28,9,8,6,1,0,1,0,0,0,7,13,4,2,0,0,9,7,8,4,4,3,2,9,3,2,1,0,0,0,0,0,0,0,0,154,0,2,0,12,0,162,0,1,5,160,0,137,18,1,0,4,8,152,141,11,0,0,16,87,84,3,67,5,7,0,2,166,166,0,2,159,1,6,0,0,0,0,0,0,0,0,0,0,0,0,0,0,0,0,0,0,0,0,0,0,0,0,0,0,0,0,0,0,0,0,0,0,0,0,0,0,0,0,0,0,0,0,0,0,0,0,0,0,0,0,0,0,0,0,0,0,0,0,0,0,0,0,0,0,0,0,0,0,0,0,0,0,0,0,0,0,85,0,0,2,83,0,73,8,1,0,1,4,79,77,0,1,3,77,0,64,10,0,0,3,4,NA
270670305000046,8,157,154,154,0,0,119,2,0,26,6,1,50,84,1,19,102,2,64,25,8,1,2,52,91,85,5,1,0,0,0,0,0,0,63,3,3,0,110,3,34,4,0,105,103,2,49,84,13,6,38,18,30,20,17,10,6,8,3,4,10,32,11,16,8,9,2,13,30,2,0,0,0,0,0,9,8,1,0,0,0,7,14,12,8,8,8,8,6,9,2,1,1,0,1,0,1,0,0,0,119,2,0,26,6,1,50,84,1,19,102,2,64,25,8,1,2,52,91,85,5,1,0,63,3,3,0,110,3,34,4,0,105,103,2,49,84,13,6,0,0,0,0,0,0,0,0,0,0,0,0,0,0,0,0,0,0,0,0,0,0,0,0,0,0,0,0,0,0,0,0,0,0,0,0,0,0,0,0,0,0,0,0,0,0,0,0,0,0,0,0,0,0,0,0,0,0,0,0,0,0,0,0,0,0,0,0,0,0,0,0,0,0,0,0,0,0,3,0,0,0,3,0,3,0,0,0,0,0,3,47,84,1,19,99,2,61,25,8,1,2,52,NA
270670305000047,5,110,110,110,0,0,99,0,5,0,6,0,108,0,0,2,108,1,1,105,0,0,1,2,108,104,4,0,0,0,0,0,0,0,2,94,94,0,16,0,0,0,0,108,107,1,2,107,0,0,15,19,32,15,13,10,3,2,0,1,9,8,13,27,10,13,9,6,7,0,0,1,0,0,0,13,11,2,0,0,0,6,5,5,0,1,0,8,5,2,1,0,0,0,1,0,0,0,0,0,99,0,5,0,6,0,108,0,0,2,108,1,1,105,0,0,1,2,108,104,4,0,0,2,94,94,0,16,0,0,0,0,108,107,1,2,107,0,0,0,0,0,0,0,0,0,0,0,0,0,0,0,0,0,0,0,0,0,0,0,0,0,0,0,0,0,0,0,0,0,0,0,0,0,0,0,0,0,0,0,0,0,0,0,0,0,0,0,0,0,0,0,0,0,0,0,0,0,0,0,0,0,0,0,0,0,0,0,0,0,0,0,0,0,0,0,0,92,0,0,2,92,1,1,89,0,0,1,2,92,16,0,0,0,16,0,0,16,0,0,0,0,NA
270670305000048,8,72,72,72,0,0,66,1,1,1,3,0,58,1,0,13,67,0,26,31,2,2,6,5,60,56,4,0,0,0,0,0,0,0,12,19,18,1,45,2,6,0,0,63,63,0,9,61,0,2,7,13,20,12,11,5,4,0,0,0,4,7,8,16,5,8,5,2,7,0,0,0,0,0,0,8,6,2,0,0,0,5,4,7,3,0,2,0,3,2,1,0,0,0,2,1,0,0,0,1,66,1,1,1,3,0,58,1,0,13,67,0,26,31,2,2,6,5,60,56,4,0,0,12,19,18,1,45,2,6,0,0,63,63,0,9,61,0,2,0,0,0,0,0,0,0,0,0,0,0,0,0,0,0,0,0,0,0,0,0,0,0,0,0,0,0,0,0,0,0,0,0,0,0,0,0,0,0,0,0,0,0,0,0,0,0,0,0,0,0,0,0,0,0,0,0,0,0,0,0,0,0,0,0,0,0,0,0,0,0,0,0,0,0,0,0,0,19,0,0,0,19,0,6,10,0,1,2,0,17,39,1,0,13,48,0,20,21,2,1,4,5,NA
270670305000049,8,226,224,224,0,0,210,0,4,0,9,1,162,18,0,44,213,3,11,175,8,0,16,11,209,186,19,4,0,0,0,0,0,0,15,84,11,73,113,6,19,0,2,217,217,0,7,189,9,19,37,26,47,46,37,12,7,5,7,0,27,16,20,33,40,30,12,17,15,1,0,0,0,0,0,19,19,7,3,2,0,6,14,6,7,0,2,22,3,6,0,0,0,0,3,2,0,0,0,0,210,0,4,0,9,1,162,18,0,44,213,3,11,175,8,0,16,11,209,186,19,4,0,15,84,11,73,113,6,19,0,2,217,217,0,7,189,9,19,0,0,0,0,0,0,0,0,0,0,0,0,0,0,0,0,0,0,0,0,0,0,0,0,0,0,0,0,0,0,0,0,0,0,0,0,0,0,0,0,0,0,0,0,0,0,0,0,0,0,0,0,0,0,0,0,0,0,0,0,0,0,0,0,0,0,0,0,0,0,0,0,0,0,0,0,0,0,60,7,0,17,82,0,7,66,3,0,6,2,81,102,11,0,27,131,3,4,109,5,0,10,9,NA
270670305000050,8,204,203,202,0,0,164,0,7,9,23,0,89,5,0,109,162,0,158,0,0,0,4,41,153,139,8,3,2,1,0,0,0,0,50,65,65,0,111,9,17,0,1,201,201,0,2,182,18,1,26,32,37,30,30,16,12,9,4,7,9,27,16,19,26,25,12,27,24,3,0,0,0,0,0,13,7,7,5,0,1,16,18,4,5,4,5,2,12,7,1,0,0,0,4,3,0,0,0,0,164,0,7,9,22,0,89,5,0,108,161,0,157,0,0,0,4,41,153,139,8,3,3,49,65,65,0,110,9,17,0,1,200,200,0,2,181,18,1,0,0,0,0,0,0,0,0,0,0,0,0,0,0,0,0,0,0,0,0,0,0,0,0,0,0,0,0,0,0,0,0,0,0,0,0,0,0,0,0,0,0,0,0,0,0,0,0,0,0,0,0,0,0,0,0,0,0,0,0,0,0,0,0,0,0,0,0,0,0,0,0,0,0,0,0,0,0,58,0,0,7,61,0,59,0,0,0,2,4,59,31,5,0,102,101,0,99,0,0,0,2,37,NA
270670305000051,5,192,192,192,0,0,187,0,1,2,2,0,183,0,0,9,191,3,0,180,0,0,8,1,181,179,1,0,0,1,0,0,0,0,11,181,181,0,11,0,0,0,0,183,182,1,9,182,0,0,9,24,37,39,41,17,10,7,4,4,5,7,16,31,34,34,14,18,7,0,0,0,0,0,0,16,12,6,6,0,0,8,6,5,7,3,7,2,8,0,2,0,1,1,0,1,1,1,0,0,187,0,1,2,2,0,183,0,0,9,191,3,0,180,0,0,8,1,181,179,1,0,1,11,181,181,0,11,0,0,0,0,183,182,1,9,182,0,0,0,0,0,0,0,0,0,0,0,0,0,0,0,0,0,0,0,0,0,0,0,0,0,0,0,0,0,0,0,0,0,0,0,0,0,0,0,0,0,0,0,0,0,0,0,0,0,0,0,0,0,0,0,0,0,0,0,0,0,0,0,0,0,0,0,0,0,0,0,0,0,0,0,0,0,0,0,0,175,0,0,6,181,3,0,171,0,0,7,0,172,8,0,0,3,10,0,0,9,0,0,1,1,NA
270670305000052,8,169,167,167,0,0,139,2,3,14,8,1,91,11,1,64,127,0,0,116,2,2,7,40,90,87,2,0,0,0,0,1,0,0,77,62,59,3,87,10,7,1,0,153,151,2,14,125,3,23,19,24,34,30,32,14,10,2,0,2,6,23,17,23,25,25,10,12,16,7,0,0,0,0,0,10,11,2,0,0,1,7,11,5,7,4,2,3,6,5,1,1,0,0,1,2,0,0,0,0,139,2,3,14,8,1,91,11,1,64,127,0,0,116,2,2,7,40,90,87,2,0,1,77,62,59,3,87,10,7,1,0,153,151,2,14,125,3,23,0,0,0,0,0,0,0,0,0,0,0,0,0,0,0,0,0,0,0,0,0,0,0,0,0,0,0,0,0,0,0,0,0,0,0,0,0,0,0,0,0,0,0,0,0,0,0,0,0,0,0,0,0,0,0,0,0,0,0,0,0,0,0,0,0,0,0,0,0,0,0,0,0,0,0,0,0,0,59,0,0,3,57,0,0,51,0,2,4,5,51,32,11,1,61,70,0,0,65,2,0,3,35,NA
270670305000053,8,140,139,139,0,0,126,0,0,6,7,0,89,1,0,49,112,0,1,85,3,0,23,27,97,92,5,0,0,0,0,0,0,0,42,15,13,2,107,6,9,0,2,133,130,3,6,110,9,11,7,23,31,32,22,13,5,2,2,2,4,5,20,28,30,20,12,8,4,1,0,0,0,0,0,19,18,2,0,0,0,3,3,2,2,1,3,3,2,3,0,0,0,0,1,0,0,0,0,0,126,0,0,6,7,0,89,1,0,49,112,0,1,85,3,0,23,27,97,92,5,0,0,42,15,13,2,107,6,9,0,2,133,130,3,6,110,9,11,0,0,0,0,0,0,0,0,0,0,0,0,0,0,0,0,0,0,0,0,0,0,0,0,0,0,0,0,0,0,0,0,0,0,0,0,0,0,0,0,0,0,0,0,0,0,0,0,0,0,0,0,0,0,0,0,0,0,0,0,0,0,0,0,0,0,0,0,0,0,0,0,0,0,0,0,0,0,14,0,0,1,15,0,1,13,0,0,1,0,14,75,1,0,48,97,0,0,72,3,0,22,27,NA
270670305000054,7,63,63,63,0,0,61,0,0,0,2,0,63,0,0,0,62,0,62,0,0,0,0,1,40,39,0,0,0,0,1,0,0,0,23,1,0,1,53,0,9,0,0,63,63,0,0,61,2,0,5,12,16,16,9,2,2,0,0,1,7,1,5,15,11,7,1,3,1,0,0,0,0,0,0,5,5,1,0,0,0,7,1,5,2,1,0,4,4,1,5,0,0,0,3,0,0,0,0,0,61,0,0,0,2,0,63,0,0,0,62,0,62,0,0,0,0,1,40,39,0,0,1,23,1,0,1,53,0,9,0,0,63,63,0,0,61,2,0,0,0,0,0,0,0,0,0,0,0,0,0,0,0,0,0,0,0,0,0,0,0,0,0,0,0,0,0,0,0,0,0,0,0,0,0,0,0,0,0,0,0,0,0,0,0,0,0,0,0,0,0,0,0,0,0,0,0,0,0,0,0,0,0,0,0,0,0,0,0,0,0,0,0,0,0,0,0,1,0,0,0,1,0,1,0,0,0,0,0,0,62,0,0,0,61,0,61,0,0,0,0,1,NA
270670305000055,8,154,154,154,0,0,129,0,4,7,14,0,131,13,0,10,145,0,0,141,4,0,0,9,139,126,12,1,0,0,0,0,0,0,15,14,4,10,126,3,11,0,0,149,148,1,5,126,5,17,9,14,35,48,22,10,9,5,1,1,10,6,10,28,39,17,8,12,4,2,0,0,0,0,0,8,11,5,0,0,0,4,7,9,5,2,4,5,2,2,1,2,0,0,2,1,2,0,0,0,129,0,4,7,14,0,131,13,0,10,145,0,0,141,4,0,0,9,139,126,12,1,0,15,14,4,10,126,3,11,0,0,149,148,1,5,126,5,17,0,0,0,0,0,0,0,0,0,0,0,0,0,0,0,0,0,0,0,0,0,0,0,0,0,0,0,0,0,0,0,0,0,0,0,0,0,0,0,0,0,0,0,0,0,0,0,0,0,0,0,0,0,0,0,0,0,0,0,0,0,0,0,0,0,0,0,0,0,0,0,0,0,0,0,0,0,0,14,0,0,0,13,0,0,13,0,0,0,1,13,117,13,0,10,132,0,0,128,4,0,0,8,NA
270670305000056,7,161,154,153,0,0,137,2,1,1,13,0,137,3,0,14,91,0,5,80,0,0,6,63,54,54,0,0,0,0,0,0,0,0,100,42,13,29,68,0,43,0,1,138,119,19,16,86,6,27,16,24,27,30,24,19,8,3,2,1,8,12,16,23,26,21,18,13,11,1,0,0,0,0,0,15,8,8,3,2,1,8,4,4,3,1,1,5,5,2,1,1,0,0,3,0,0,0,0,0,137,2,1,1,12,0,136,3,0,14,90,0,5,79,0,0,6,63,54,54,0,0,0,99,41,13,28,68,0,43,0,1,137,118,19,16,86,6,26,0,0,0,0,0,0,0,0,0,0,0,0,0,0,0,0,0,0,0,0,0,0,0,0,0,0,0,0,0,0,0,0,0,0,0,0,0,0,0,0,0,0,0,0,0,0,0,0,0,0,0,0,0,0,0,0,0,0,0,0,0,0,0,0,0,0,0,0,0,0,0,0,0,0,0,0,0,0,35,1,0,6,27,0,3,23,0,0,1,15,15,102,2,0,8,64,0,2,57,0,0,5,48,NA
270670305000057,8,94,94,94,0,0,61,0,1,19,13,0,82,4,0,8,87,0,2,82,0,1,2,7,64,61,3,0,0,0,0,0,0,0,30,11,10,1,66,2,15,0,0,92,90,2,2,65,21,4,9,11,16,13,17,12,5,1,4,6,4,9,7,13,11,15,10,11,7,1,1,0,0,0,0,6,2,2,1,1,0,4,3,2,2,2,5,2,2,0,0,0,1,0,2,0,0,0,0,0,61,0,1,19,13,0,82,4,0,8,87,0,2,82,0,1,2,7,64,61,3,0,0,30,11,10,1,66,2,15,0,0,92,90,2,2,65,21,4,0,0,0,0,0,0,0,0,0,0,0,0,0,0,0,0,0,0,0,0,0,0,0,0,0,0,0,0,0,0,0,0,0,0,0,0,0,0,0,0,0,0,0,0,0,0,0,0,0,0,0,0,0,0,0,0,0,0,0,0,0,0,0,0,0,0,0,0,0,0,0,0,0,0,0,0,0,0,10,0,0,1,11,0,1,10,0,0,0,0,11,72,4,0,7,76,0,1,72,0,1,2,7,NA
270670305000058,1,213,213,213,0,0,176,4,25,0,8,0,185,1,0,27,202,4,5,158,31,0,4,11,200,193,7,0,0,0,0,0,0,0,13,205,200,5,1,0,6,0,1,204,204,0,9,187,5,12,19,34,49,45,28,18,11,3,2,4,9,20,16,27,29,19,10,8,15,3,1,1,0,0,0,13,12,6,1,1,0,18,22,16,9,8,12,4,14,8,3,0,0,0,4,1,0,0,0,0,176,4,25,0,8,0,185,1,0,27,202,4,5,158,31,0,4,11,200,193,7,0,0,13,205,200,5,1,0,6,0,1,204,204,0,9,187,5,12,0,0,0,0,0,0,0,0,0,0,0,0,0,0,0,0,0,0,0,0,0,0,0,0,0,0,0,0,0,0,0,0,0,0,0,0,0,0,0,0,0,0,0,0,0,0,0,0,0,0,0,0,0,0,0,0,0,0,0,0,0,0,0,0,0,0,0,0,0,0,0,0,0,0,0,0,0,0,179,1,0,25,196,4,5,153,30,0,4,9,194,6,0,0,2,6,0,0,5,1,0,0,2,NA
270670305000059,1,319,319,316,0,3,210,1,87,0,21,0,308,1,0,10,313,30,23,248,0,4,8,6,304,251,50,2,1,0,0,0,0,0,15,318,316,2,0,0,1,0,0,317,312,5,2,280,32,0,36,60,80,81,41,9,7,3,1,1,38,19,23,41,53,30,4,7,18,1,0,0,0,0,0,22,19,14,1,0,0,37,39,28,11,5,5,18,31,15,4,0,0,0,6,10,2,2,0,0,210,1,84,0,21,0,305,1,0,10,310,30,23,245,0,4,8,6,301,248,50,2,1,15,315,313,2,0,0,1,0,0,314,309,5,2,279,30,0,0,0,0,0,0,0,0,0,0,0,0,0,0,0,0,0,0,0,0,0,0,0,0,0,0,0,0,0,0,0,0,0,0,0,0,0,0,0,0,0,0,3,0,0,0,3,0,0,0,3,0,0,3,0,0,0,0,3,3,0,0,0,0,3,3,0,0,0,0,0,0,3,3,0,0,1,2,0,308,1,0,9,312,30,23,248,0,4,7,6,304,0,0,0,1,1,0,0,0,0,0,1,0,NA
270670305000060,1,280,280,279,1,0,215,8,49,0,8,0,277,2,0,1,280,0,3,241,34,0,2,0,277,226,41,9,0,1,0,0,0,0,3,279,11,268,1,0,0,0,0,278,278,0,2,267,9,2,24,50,75,60,41,18,6,6,0,0,21,19,26,47,35,29,14,5,15,4,0,0,0,0,0,22,19,8,2,1,0,24,28,25,12,4,7,9,19,11,6,1,0,0,5,7,0,0,0,0,215,8,48,0,8,0,276,2,0,1,279,0,3,240,34,0,2,0,276,225,41,9,1,3,278,10,268,1,0,0,0,0,277,277,0,2,266,9,2,0,0,1,0,0,0,1,0,0,0,1,0,0,1,0,0,0,0,1,1,0,0,0,0,1,1,0,0,0,0,0,0,1,1,0,0,1,0,0,0,0,0,0,0,0,0,0,0,0,0,0,0,0,0,0,0,0,0,0,0,0,0,0,0,0,0,0,0,0,0,0,0,0,0,0,0,0,0,276,2,0,1,279,0,3,240,34,0,2,0,276,1,0,0,0,1,0,0,1,0,0,0,0,NA
270670305000061,1,259,258,258,0,0,174,28,48,1,7,0,255,0,0,3,258,14,13,226,2,0,3,0,257,182,65,9,1,0,0,0,0,0,1,256,255,1,0,0,0,0,2,257,257,0,1,245,2,10,18,51,55,60,38,23,7,3,2,1,27,4,28,38,38,23,16,7,4,0,0,0,0,0,0,28,22,8,3,0,0,23,17,22,15,7,6,14,15,4,7,3,0,0,8,4,1,0,0,0,174,28,48,1,7,0,255,0,0,3,258,14,13,226,2,0,3,0,257,182,65,9,1,1,256,255,1,0,0,0,0,2,257,257,0,1,245,2,10,0,0,0,0,0,0,0,0,0,0,0,0,0,0,0,0,0,0,0,0,0,0,0,0,0,0,0,0,0,0,0,0,0,0,0,0,0,0,0,0,0,0,0,0,0,0,0,0,0,0,0,0,0,0,0,0,0,0,0,0,0,0,0,0,0,0,0,0,0,0,0,0,0,0,0,0,0,0,253,0,0,3,256,14,13,224,2,0,3,0,255,2,0,0,0,2,0,0,2,0,0,0,0,NA
270670305000062,1,209,209,209,0,0,179,1,24,0,5,0,200,0,0,9,205,28,134,35,8,0,0,4,204,190,14,0,0,0,0,0,0,0,5,208,195,13,0,0,1,0,0,206,203,3,3,194,3,6,19,30,40,48,35,14,11,6,2,4,11,14,22,30,34,26,10,15,12,2,0,0,0,0,0,20,14,5,5,1,0,8,10,14,9,4,8,7,5,4,2,1,0,0,3,1,0,0,0,0,179,1,24,0,5,0,200,0,0,9,205,28,134,35,8,0,0,4,204,190,14,0,0,5,208,195,13,0,0,1,0,0,206,203,3,3,194,3,6,0,0,0,0,0,0,0,0,0,0,0,0,0,0,0,0,0,0,0,0,0,0,0,0,0,0,0,0,0,0,0,0,0,0,0,0,0,0,0,0,0,0,0,0,0,0,0,0,0,0,0,0,0,0,0,0,0,0,0,0,0,0,0,0,0,0,0,0,0,0,0,0,0,0,0,0,0,0,200,0,0,8,205,28,134,35,8,0,0,3,204,0,0,0,1,0,0,0,0,0,0,0,1,NA
270670305000063,1,222,222,222,0,0,198,0,2,1,21,0,221,0,0,1,222,9,82,130,0,0,1,0,222,220,2,0,0,0,0,0,0,0,0,220,197,23,2,0,0,0,0,220,220,0,2,217,2,1,17,38,75,43,23,14,4,3,3,2,18,10,10,35,20,12,5,3,9,1,0,0,0,0,0,9,14,12,2,0,0,28,40,23,11,9,9,8,24,8,4,1,0,0,4,4,2,0,0,0,198,0,2,1,21,0,221,0,0,1,222,9,82,130,0,0,1,0,222,220,2,0,0,0,220,197,23,2,0,0,0,0,220,220,0,2,217,2,1,0,0,0,0,0,0,0,0,0,0,0,0,0,0,0,0,0,0,0,0,0,0,0,0,0,0,0,0,0,0,0,0,0,0,0,0,0,0,0,0,0,0,0,0,0,0,0,0,0,0,0,0,0,0,0,0,0,0,0,0,0,0,0,0,0,0,0,0,0,0,0,0,0,0,0,0,0,0,219,0,0,1,220,9,81,129,0,0,1,0,220,2,0,0,0,2,0,1,1,0,0,0,0,NA
270670305000064,5,59,58,58,0,0,57,0,0,0,1,0,56,0,0,2,58,0,0,44,1,0,13,0,34,34,0,0,0,0,0,0,0,0,24,0,0,0,46,2,9,1,0,56,56,0,2,55,0,1,6,14,9,11,6,6,3,2,0,1,3,7,10,5,11,6,5,6,5,2,0,0,0,0,0,8,4,3,1,1,0,4,4,0,0,1,0,1,2,1,0,0,0,0,2,0,0,0,0,0,57,0,0,0,1,0,56,0,0,2,58,0,0,44,1,0,13,0,34,34,0,0,0,24,0,0,0,46,2,9,1,0,56,56,0,2,55,0,1,0,0,0,0,0,0,0,0,0,0,0,0,0,0,0,0,0,0,0,0,0,0,0,0,0,0,0,0,0,0,0,0,0,0,0,0,0,0,0,0,0,0,0,0,0,0,0,0,0,0,0,0,0,0,0,0,0,0,0,0,0,0,0,0,0,0,0,0,0,0,0,0,0,0,0,0,0,0,0,0,0,0,0,0,0,0,0,0,0,0,0,56,0,0,2,58,0,0,44,1,0,13,0,NA
270670305000065,4,57,57,57,0,0,48,0,7,0,2,0,51,0,0,6,47,7,0,40,0,0,0,10,44,44,0,0,0,0,0,0,0,0,13,57,57,0,0,0,0,0,0,55,55,0,2,55,0,0,10,13,7,16,6,2,2,1,0,0,6,6,10,2,13,3,1,2,5,1,0,0,0,0,0,9,0,4,0,0,0,3,5,3,3,1,1,5,3,1,1,1,0,0,0,0,1,0,0,0,48,0,7,0,2,0,51,0,0,6,47,7,0,40,0,0,0,10,44,44,0,0,0,13,57,57,0,0,0,0,0,0,55,55,0,2,55,0,0,0,0,0,0,0,0,0,0,0,0,0,0,0,0,0,0,0,0,0,0,0,0,0,0,0,0,0,0,0,0,0,0,0,0,0,0,0,0,0,0,0,0,0,0,0,0,0,0,0,0,0,0,0,0,0,0,0,0,0,0,0,0,0,0,0,0,0,0,0,0,0,0,0,0,0,0,0,0,51,0,0,6,47,7,0,40,0,0,0,10,44,0,0,0,0,0,0,0,0,0,0,0,0,NA
270670305000066,5,36,36,36,0,0,36,0,0,0,0,0,35,0,1,0,35,0,0,35,0,0,0,1,35,34,1,0,0,0,0,0,0,0,1,16,16,0,9,1,9,0,1,36,36,0,0,36,0,0,3,4,10,6,5,2,1,3,2,0,1,3,2,6,3,1,1,4,3,0,0,0,0,0,0,2,1,1,0,0,0,2,4,3,4,1,2,0,1,2,0,0,0,0,1,0,0,0,0,0,36,0,0,0,0,0,35,0,1,0,35,0,0,35,0,0,0,1,35,34,1,0,0,1,16,16,0,9,1,9,0,1,36,36,0,0,36,0,0,0,0,0,0,0,0,0,0,0,0,0,0,0,0,0,0,0,0,0,0,0,0,0,0,0,0,0,0,0,0,0,0,0,0,0,0,0,0,0,0,0,0,0,0,0,0,0,0,0,0,0,0,0,0,0,0,0,0,0,0,0,0,0,0,0,0,0,0,0,0,0,0,0,0,0,0,0,0,16,0,0,0,16,0,0,16,0,0,0,0,16,19,0,1,0,19,0,0,19,0,0,0,1,NA
270670305000067,7,53,53,53,0,0,51,0,1,0,1,0,31,14,0,8,48,0,0,43,5,0,0,5,45,42,3,0,0,0,0,0,0,0,8,42,2,40,7,0,4,0,0,51,51,0,2,49,0,2,1,6,12,16,9,6,2,1,0,0,1,0,4,10,15,8,6,2,0,0,0,0,0,0,0,4,6,3,0,0,0,2,2,1,1,0,1,1,2,0,0,0,0,0,0,0,0,0,0,0,51,0,1,0,1,0,31,14,0,8,48,0,0,43,5,0,0,5,45,42,3,0,0,8,42,2,40,7,0,4,0,0,51,51,0,2,49,0,2,0,0,0,0,0,0,0,0,0,0,0,0,0,0,0,0,0,0,0,0,0,0,0,0,0,0,0,0,0,0,0,0,0,0,0,0,0,0,0,0,0,0,0,0,0,0,0,0,0,0,0,0,0,0,0,0,0,0,0,0,0,0,0,0,0,0,0,0,0,0,0,0,0,0,0,0,0,0,28,8,0,6,39,0,0,35,4,0,0,3,37,3,6,0,2,9,0,0,8,1,0,0,2,NA
270670305000068,7,46,46,46,0,0,43,0,1,1,1,0,2,14,0,30,46,0,0,46,0,0,0,0,46,46,0,0,0,0,0,0,0,0,0,1,1,0,44,0,0,0,1,46,46,0,0,46,0,0,3,8,16,7,9,2,0,0,1,0,4,2,6,10,6,8,2,1,2,0,0,0,0,0,0,6,3,1,1,1,0,2,6,1,1,0,0,1,0,0,0,0,0,0,2,1,0,0,0,0,43,0,1,1,1,0,2,14,0,30,46,0,0,46,0,0,0,0,46,46,0,0,0,0,1,1,0,44,0,0,0,1,46,46,0,0,46,0,0,0,0,0,0,0,0,0,0,0,0,0,0,0,0,0,0,0,0,0,0,0,0,0,0,0,0,0,0,0,0,0,0,0,0,0,0,0,0,0,0,0,0,0,0,0,0,0,0,0,0,0,0,0,0,0,0,0,0,0,0,0,0,0,0,0,0,0,0,0,0,0,0,0,0,0,0,0,0,1,0,0,0,1,0,0,1,0,0,0,0,1,1,14,0,30,45,0,0,45,0,0,0,0,NA
